NEIGHBORHOOD_CLUSTER,offensegroup,CENSUS_TRACT,LONGITUDE,END_DATE,offense-text,DISTRICT,SHIFT,YBLOCK,WARD,YEAR,offensekey,BID,sector,ucr-rank,PSA,BLOCK_GROUP,VOTING_PRECINCT,XBLOCK,BLOCK,START_DATE,CCN,OFFENSE,OCTO_RECORD_ID,ANC,REPORT_DAT,METHOD,location,LATITUDE
cluster 8,property,010100,-77.0338370164538,"8/9/2021, 5:30:00 PM",motor vehicle theft,2,evening,137320,2,2021,property|motor vehicle theft,downtown,2D3,8,207,010100 2,precinct 17,397065,1420 - 1499 block of l street nw,"8/9/2021, 8:30:00 AM",21111823,motor vehicle theft,21111823-01,2F,"8/9/2021, 7:13:29 PM",others,"38.9037308516348,-77.0338370164538",38.9037308516348
cluster 8,property,010100,-77.0326153266469,,theft/other,2,day,137408,2,2021,property|theft/other,downtown,2D3,6,207,010100 1,precinct 17,397171,1100 - 1199 block of vermont avenue nw,"2/11/2021, 8:15:01 AM",21018587,theft/other,21018587-01,2F,"2/11/2021, 9:35:27 AM",others,"38.9045239340876,-77.0326153266469",38.9045239340876
cluster 8,property,010100,-77.0334217012589,"6/17/2021, 12:47:16 PM",theft/other,2,day,137254,2,2021,property|theft/other,downtown,2D3,6,207,010100 1,precinct 129,397101,1000 - 1099 block of vermont avenue nw,"6/17/2021, 12:41:53 PM",21081194,theft/other,21081194-01,2F,"6/17/2021, 1:28:38 PM",others,"38.903136419851,-77.0334217012589",38.903136419851
cluster 7,property,005002,-77.0305636569222,"6/15/2021, 9:45:11 AM",theft f/auto,3,evening,137532,2,2021,property|theft f/auto,,3D3,7,307,005002 2,precinct 17,397349,1300 - 1399 block of m street nw,"6/14/2021, 10:30:09 PM",21080069,theft f/auto,21080069-01,2F,"6/15/2021, 3:14:47 PM",others,"38.9056415243197,-77.0305636569222",38.9056415243197
cluster 8,property,010100,-77.0328098473671,"8/27/2021, 2:50:00 AM",theft/other,2,midnight,137053,2,2021,property|theft/other,downtown,2D3,6,207,010100 1,precinct 129,397154,1400 - 1499 block of i street nw,"8/27/2021, 1:30:00 AM",21121371,theft/other,21121371-01,2C,"8/27/2021, 4:13:34 AM",others,"38.9013259138408,-77.0328098473671",38.9013259138408
cluster 8,property,010100,-77.0328098473671,"6/23/2021, 6:51:53 AM",theft/other,2,evening,137053,2,2021,property|theft/other,downtown,2D3,6,207,010100 1,precinct 129,397154,1400 - 1499 block of i street nw,"6/23/2021, 6:45:39 AM",21084674,theft/other,21084674-01,2F,"6/23/2021, 5:52:21 PM",others,"38.9013259138408,-77.0328098473671",38.9013259138408
cluster 8,violent,010100,-77.0275653518185,"7/19/2021, 8:36:17 AM",robbery,2,day,137320,2,2021,violent|robbery,downtown,2D3,4,209,010100 1,precinct 129,397609,1100 - 1199 block of l street nw,"7/19/2021, 7:34:36 AM",21099564,robbery,21099564-01,2F,"7/19/2021, 8:36:19 AM",others,"38.9037324997339,-77.0275653518185",38.9037324997339
cluster 8,property,010100,-77.031958169948,"8/28/2021, 2:00:00 PM",burglary,2,evening,137406,2,2021,property|burglary,downtown,2D3,5,209,010100 1,precinct 17,397228,1100 - 1199 block of 14th street nw,"8/26/2021, 2:00:00 PM",21122250,burglary,21122250-01,2F,"8/28/2021, 5:46:41 PM",others,"38.9045060989916,-77.031958169948",38.9045060989916
cluster 8,property,010100,-77.031958169948,"3/15/2021, 12:15:52 PM",theft f/auto,2,day,137406,2,2021,property|theft f/auto,downtown,2D3,7,209,010100 1,precinct 17,397228,1100 - 1199 block of 14th street nw,"3/15/2021, 12:00:58 PM",21033111,theft f/auto,21033111-01,2F,"3/15/2021, 1:14:31 PM",others,"38.9045060989916,-77.031958169948",38.9045060989916
cluster 8,property,010100,-77.0326153266469,"4/26/2021, 2:23:10 PM",theft/other,2,evening,137408,2,2021,property|theft/other,downtown,2D3,6,207,010100 1,precinct 17,397171,1100 - 1199 block of vermont avenue nw,"4/26/2021, 2:20:50 PM",21053108,theft/other,21053108-01,2F,"4/26/2021, 4:40:01 PM",others,"38.9045239340876,-77.0326153266469",38.9045239340876
cluster 8,property,010100,-77.0325227338157,,motor vehicle theft,2,evening,137320,2,2021,property|motor vehicle theft,downtown,2D3,8,207,010100 1,precinct 129,397179,1400 - 1419 block of l street nw,"6/14/2021, 5:16:52 PM",21079673,motor vehicle theft,21079673-01,2F,"6/14/2021, 6:47:59 PM",others,"38.9037312248926,-77.0325227338157",38.9037312248926
cluster 8,property,010100,-77.0326153266469,"8/24/2021, 3:16:00 PM",theft/other,2,evening,137408,2,2021,property|theft/other,downtown,2D3,6,207,010100 1,precinct 17,397171,1100 - 1199 block of vermont avenue nw,"8/24/2021, 3:13:00 PM",21119896,theft/other,21119896-01,2F,"8/24/2021, 3:51:05 PM",others,"38.9045239340876,-77.0326153266469",38.9045239340876
cluster 8,violent,010100,-77.0326153266469,"6/24/2021, 12:50:48 AM",robbery,2,midnight,137408,2,2021,violent|robbery,downtown,2D3,4,207,010100 2,precinct 17,397171,1100 - 1199 block of vermont avenue nw,"6/24/2021, 12:37:30 AM",21085014,robbery,21085014-01,2F,"6/24/2021, 3:04:06 AM",others,"38.9045239340876,-77.0326153266469",38.9045239340876
cluster 8,property,010100,-77.0326153266469,"5/9/2021, 11:13:25 AM",theft/other,2,evening,137408,2,2021,property|theft/other,downtown,2D3,6,207,010100 1,precinct 17,397171,1100 - 1199 block of vermont avenue nw,"5/9/2021, 11:10:22 AM",21059889,theft/other,21059889-01,2F,"5/9/2021, 3:45:14 PM",others,"38.9045239340876,-77.0326153266469",38.9045239340876
cluster 7,property,005002,-77.0305636569222,"3/28/2021, 1:00:20 PM",theft/other,3,evening,137532,2,2021,property|theft/other,,3D3,6,307,005002 2,precinct 17,397349,1300 - 1399 block of m street nw,"3/26/2021, 5:00:54 PM",21039285,theft/other,21039285-01,2F,"3/28/2021, 5:41:30 PM",others,"38.9056415243197,-77.0305636569222",38.9056415243197
cluster 8,property,010100,-77.0334217012589,"4/11/2021, 10:10:40 PM",theft/other,2,midnight,137254,2,2021,property|theft/other,downtown,2D3,6,207,010100 2,precinct 129,397101,1000 - 1099 block of vermont avenue nw,"4/11/2021, 9:45:26 PM",21046257,theft/other,21046257-01,2F,"4/12/2021, 1:28:02 AM",others,"38.903136419851,-77.0334217012589",38.903136419851
cluster 8,property,010100,-77.031958169948,"3/9/2021, 2:15:08 PM",theft/other,2,evening,137406,2,2021,property|theft/other,downtown,2D3,6,209,010100 1,precinct 17,397228,1100 - 1199 block of 14th street nw,"3/8/2021, 2:10:56 PM",21030368,theft/other,21030368-01,2F,"3/9/2021, 5:58:44 PM",others,"38.9045060989916,-77.031958169948",38.9045060989916
cluster 8,property,010100,-77.0319575524472,"4/7/2021, 9:05:17 PM",motor vehicle theft,2,evening,137253,2,2021,property|motor vehicle theft,downtown,2D3,8,209,010100 1,precinct 129,397228,1000 - 1099 block of 14th street nw,"4/7/2021, 9:00:51 PM",21044369,motor vehicle theft,21044369-01,2F,"4/7/2021, 9:59:18 PM",others,"38.9031278211765,-77.0319575524472",38.9031278211765
cluster 8,property,010100,-77.0307934145346,"7/19/2021, 2:01:03 PM",theft f/auto,2,day,137320,2,2021,property|theft f/auto,downtown,2D3,7,209,010100 1,precinct 17,397329,1300 - 1399 block of l street nw,"7/19/2021, 2:00:57 PM",21101396,theft f/auto,21101396-01,2F,"7/22/2021, 11:57:45 AM",others,"38.9037316934956,-77.0307934145346",38.9037316934956
cluster 8,property,010100,-77.0327934508275,"5/9/2021, 12:45:32 PM",theft f/auto,2,evening,137185.86,2,2021,property|theft f/auto,downtown,2D3,7,207,010100 1,precinct 129,397155.47,1400 - 1433 block of k street nw,"5/9/2021, 12:00:24 PM",21059944,theft f/auto,21059944-01,2F,"5/9/2021, 5:34:11 PM",others,"38.9025227686141,-77.0327934508275",38.9025227686141
cluster 8,property,005002,-77.0288569158364,"5/2/2021, 7:14:24 PM",theft/other,3,evening,137413,2,2021,property|theft/other,,3D3,6,307,005002 4,precinct 17,397497,1200 - 1299 block of massachusetts avenue nw,"5/1/2021, 9:00:18 PM",21056908,theft/other,21056908-01,2F,"5/3/2021, 7:14:08 PM",others,"38.9045699646119,-77.0288569158364",38.9045699646119
cluster 7,violent,005002,-77.0305636569222,"10/15/2021, 2:16:00 AM",robbery,3,midnight,137532,2,2021,violent|robbery,,3D3,4,307,005002 2,precinct 17,397349,1300 - 1399 block of m street nw,"10/15/2021, 2:13:00 AM",21149768,robbery,21149768-01,2F,"10/15/2021, 4:21:22 AM",gun,"38.9056415243197,-77.0305636569222",38.9056415243197
cluster 8,property,010100,-77.0288556039216,"10/14/2021, 9:00:00 PM",theft f/auto,2,midnight,137053,2,2021,property|theft f/auto,downtown,2D3,7,209,010100 1,precinct 129,397497,1200 - 1299 block of i street nw,"10/14/2021, 4:30:00 PM",21149751,theft f/auto,21149751-01,2F,"10/15/2021, 1:33:45 AM",others,"38.9013269574443,-77.0288556039216",38.9013269574443
cluster 8,property,010100,-77.0270460949064,"10/14/2021, 9:55:00 PM",theft f/auto,2,day,137185,2,2021,property|theft f/auto,downtown,2D3,7,209,010100 1,precinct 129,397654,k street nw and 11th street nw,"10/14/2021, 7:30:00 PM",21149847,theft f/auto,21149847-01,2F,"10/15/2021, 9:06:59 AM",others,"38.9025164933319,-77.0270460949064",38.9025164933319
cluster 8,property,010100,-77.0319575524472,"9/10/2021, 7:45:00 PM",motor vehicle theft,2,evening,137253,2,2021,property|motor vehicle theft,downtown,2D3,8,209,010100 1,precinct 129,397228,1000 - 1099 block of 14th street nw,"9/10/2021, 7:42:00 PM",21129730,motor vehicle theft,21129730-01,2F,"9/10/2021, 8:56:55 PM",others,"38.9031278211765,-77.0319575524472",38.9031278211765
cluster 7,property,005002,-77.0305636569222,"6/15/2021, 5:30:00 AM",theft f/auto,3,evening,137532,2,2021,property|theft f/auto,,3D3,7,307,005002 2,precinct 17,397349,1300 - 1399 block of m street nw,"6/15/2021, 5:00:00 AM",21400778,theft f/auto,21400778-01,2F,"6/16/2021, 10:56:45 PM",others,"38.9056415243197,-77.0305636569222",38.9056415243197
cluster 8,property,010100,-77.0307934145346,"9/19/2021, 4:00:00 AM",theft f/auto,2,evening,137320,2,2021,property|theft f/auto,downtown,2D3,7,209,010100 1,precinct 17,397329,1300 - 1399 block of l street nw,"9/19/2021, 2:00:00 AM",21137067,theft f/auto,21137067-01,2F,"9/23/2021, 9:00:46 PM",others,"38.9037316934956,-77.0307934145346",38.9037316934956
cluster 8,property,010100,-77.0319575524472,"10/11/2021, 3:08:00 AM",theft f/auto,2,midnight,137253,2,2021,property|theft f/auto,downtown,2D3,7,209,010100 1,precinct 129,397228,1000 - 1099 block of 14th street nw,"10/10/2021, 12:01:00 AM",21147430,theft f/auto,21147430-01,2F,"10/11/2021, 3:58:43 AM",others,"38.9031278211765,-77.0319575524472",38.9031278211765
cluster 8,violent,010100,-77.0334217012589,"8/30/2021, 8:15:00 PM",assault w/dangerous weapon,2,evening,137254,2,2021,violent|assault w/dangerous weapon,downtown,2D3,3,207,010100 2,precinct 129,397101,1000 - 1099 block of vermont avenue nw,"8/30/2021, 7:45:00 PM",21123477,assault w/dangerous weapon,21123477-01,2F,"8/30/2021, 10:29:45 PM",knife,"38.903136419851,-77.0334217012589",38.903136419851
cluster 8,property,010100,-77.0326153266469,"9/5/2021, 4:00:00 PM",theft f/auto,2,evening,137408,2,2021,property|theft f/auto,downtown,2D3,7,207,010100 2,precinct 17,397171,1100 - 1199 block of vermont avenue nw,"9/5/2021, 3:00:00 PM",21126787,theft f/auto,21126787-01,2F,"9/5/2021, 9:04:42 PM",others,"38.9045239340876,-77.0326153266469",38.9045239340876
cluster 8,property,005002,-77.0288569158364,"9/10/2021, 7:45:00 AM",theft f/auto,3,day,137413,2,2021,property|theft f/auto,,3D3,7,307,005002 4,precinct 17,397497,1200 - 1299 block of massachusetts avenue nw,"9/9/2021, 10:00:00 PM",21129338,theft f/auto,21129338-01,2F,"9/10/2021, 2:52:58 PM",others,"38.9045699646119,-77.0288569158364",38.9045699646119
cluster 8,property,010100,-77.031958169948,"10/6/2021, 12:40:00 PM",theft f/auto,2,day,137406,2,2021,property|theft f/auto,downtown,2D3,7,209,010100 1,precinct 17,397228,1100 - 1199 block of 14th street nw,"10/6/2021, 12:10:00 PM",21144648,theft f/auto,21144648-01,2F,"10/6/2021, 1:29:28 PM",others,"38.9045060989916,-77.031958169948",38.9045060989916
cluster 7,property,005002,-77.0305636569222,"9/13/2021, 5:15:00 PM",theft/other,3,evening,137532,2,2021,property|theft/other,,3D3,6,307,005002 2,precinct 17,397349,1300 - 1399 block of m street nw,"9/1/2021, 12:50:00 PM",21420255,theft/other,21420255-01,2F,"9/15/2021, 3:22:27 PM",others,"38.9056415243197,-77.0305636569222",38.9056415243197
cluster 8,property,010100,-77.02962923446,"9/21/2021, 6:48:00 PM",theft f/auto,2,evening,137381,2,2021,property|theft f/auto,downtown,2D3,7,209,010100 1,precinct 17,397430,1100 - 1127 block of 13th street nw,"9/21/2021, 4:47:00 PM",21135933,theft f/auto,21135933-01,2F,"9/21/2021, 7:10:12 PM",others,"38.9042815040428,-77.02962923446",38.9042815040428
cluster 8,property,010100,-77.0326153266469,"9/28/2021, 3:52:00 AM",burglary,2,day,137408,2,2021,property|burglary,downtown,2D3,5,207,010100 2,precinct 17,397171,1100 - 1199 block of vermont avenue nw,"9/28/2021, 3:46:00 AM",21139559,burglary,21139559-01,2F,"9/28/2021, 2:22:45 PM",others,"38.9045239340876,-77.0326153266469",38.9045239340876
cluster 8,property,010100,-77.031958169948,"9/13/2021, 7:50:00 PM",motor vehicle theft,2,evening,137406,2,2021,property|motor vehicle theft,downtown,2D3,8,209,010100 1,precinct 17,397228,1100 - 1199 block of 14th street nw,"9/13/2021, 7:47:00 PM",21131394,motor vehicle theft,21131394-01,2F,"9/13/2021, 8:38:28 PM",others,"38.9045060989916,-77.031958169948",38.9045060989916
cluster 8,property,010100,-77.0326153266469,"9/9/2021, 4:45:00 PM",motor vehicle theft,2,evening,137408,2,2021,property|motor vehicle theft,downtown,2D3,8,207,010100 2,precinct 17,397171,1100 - 1199 block of vermont avenue nw,"9/9/2021, 4:40:00 PM",21129021,motor vehicle theft,21129021-01,2F,"9/9/2021, 5:51:00 PM",others,"38.9045239340876,-77.0326153266469",38.9045239340876
cluster 7,property,005002,-77.0305636569222,"10/1/2021, 2:00:00 PM",motor vehicle theft,3,evening,137532,2,2021,property|motor vehicle theft,,3D3,8,307,005002 2,precinct 17,397349,1300 - 1399 block of m street nw,"9/29/2021, 12:00:00 PM",21141780,motor vehicle theft,21141780-01,2F,"10/1/2021, 4:34:06 PM",others,"38.9056415243197,-77.0305636569222",38.9056415243197
cluster 8,property,010100,-77.0307934145346,"9/10/2021, 6:30:00 PM",motor vehicle theft,2,evening,137320,2,2021,property|motor vehicle theft,downtown,2D3,8,209,010100 1,precinct 129,397329,1300 - 1399 block of l street nw,"9/10/2021, 6:00:00 PM",21129647,motor vehicle theft,21129647-01,2F,"9/10/2021, 10:06:37 PM",others,"38.9037316934956,-77.0307934145346",38.9037316934956
cluster 8,property,010100,-77.0288565769137,"8/27/2021, 10:56:00 PM",theft f/auto,2,day,137320,2,2021,property|theft f/auto,downtown,2D3,7,209,010100 1,precinct 129,397497,1200 - 1299 block of l street nw,"8/27/2021, 10:55:00 PM",21122002,theft f/auto,21122002-01,2F,"8/28/2021, 11:05:14 AM",others,"38.9037321879417,-77.0288565769137",38.9037321879417
cluster 8,property,005002,-77.0278076391392,"7/1/2021, 8:00:41 AM",theft/other,3,day,137372,2,2021,property|theft/other,,3D3,6,307,005002 4,precinct 17,397588,1106 - 1199 block of massachusetts avenue nw,"6/27/2021, 3:00:35 PM",21089179,theft/other,21089179-01,2F,"7/1/2021, 9:54:15 AM",others,"38.9042008766443,-77.0278076391392",38.9042008766443
cluster 7,property,005002,-77.0305636569222,"7/8/2021, 3:00:30 PM",theft/other,3,evening,137532,2,2021,property|theft/other,,3D3,6,307,005002 2,precinct 17,397349,1300 - 1399 block of m street nw,"7/8/2021, 2:50:22 PM",21097527,theft/other,21097527-01,2F,"7/15/2021, 4:49:10 PM",others,"38.9056415243197,-77.0305636569222",38.9056415243197
cluster 8,property,010100,-77.0296287555052,"7/1/2021, 11:34:11 AM",theft f/auto,2,day,137253,2,2021,property|theft f/auto,downtown,2D3,7,209,010100 1,precinct 129,397430,1000 - 1099 block of 13th street nw,"7/1/2021, 11:00:48 AM",21089232,theft f/auto,21089232-01,2F,"7/1/2021, 11:33:27 AM",others,"38.9031284349878,-77.0296287555052",38.9031284349878
cluster 8,property,010100,-77.0326153266469,"6/21/2021, 5:29:22 AM",theft/other,2,midnight,137408,2,2021,property|theft/other,downtown,2D3,6,207,010100 1,precinct 17,397171,1100 - 1199 block of vermont avenue nw,"6/21/2021, 5:28:53 AM",21083283,theft/other,21083283-01,2F,"6/21/2021, 6:29:40 AM",others,"38.9045239340876,-77.0326153266469",38.9045239340876
cluster 8,property,005002,-77.0288569158364,"6/21/2021, 12:00:59 PM",theft f/auto,3,evening,137413,2,2021,property|theft f/auto,,3D3,7,307,005002 4,precinct 17,397497,1200 - 1299 block of massachusetts avenue nw,"6/20/2021, 10:00:08 PM",21083703,theft f/auto,21083703-01,2F,"6/21/2021, 10:35:05 PM",others,"38.9045699646119,-77.0288569158364",38.9045699646119
cluster 8,property,010100,-77.0319575524472,"1/4/2021, 1:30:50 PM",theft/other,2,day,137253,2,2021,property|theft/other,downtown,2D3,6,209,010100 1,precinct 129,397228,1000 - 1099 block of 14th street nw,"1/4/2021, 1:20:59 PM",21001620,theft/other,21001620-01,2F,"1/4/2021, 2:15:26 PM",others,"38.9031278211765,-77.0319575524472",38.9031278211765
cluster 8,property,005002,-77.0288569158364,"1/23/2021, 4:11:30 PM",theft f/auto,3,midnight,137413,2,2021,property|theft f/auto,,3D3,7,307,005002 4,precinct 17,397497,1200 - 1299 block of massachusetts avenue nw,"1/23/2021, 3:27:53 PM",21010391,theft f/auto,21010391-01,2F,"1/24/2021, 12:45:12 AM",others,"38.9045699646119,-77.0288569158364",38.9045699646119
cluster 8,property,010100,-77.0327934508275,"4/16/2021, 10:05:30 PM",theft/other,2,midnight,137185.86,2,2021,property|theft/other,downtown,2D3,6,207,010100 1,precinct 129,397155.47,1400 - 1433 block of k street nw,"4/16/2021, 9:00:17 PM",21048611,theft/other,21048611-01,2F,"4/17/2021, 2:10:05 AM",others,"38.9025227686141,-77.0327934508275",38.9025227686141
cluster 8,property,010100,-77.028853667144,"8/21/2021, 10:20:00 PM",theft f/auto,2,midnight,137185.88,2,2021,property|theft f/auto,downtown,2D3,7,209,010100 1,precinct 129,397497.21,1200 - 1299 block of k street nw,"8/21/2021, 9:30:00 PM",21118567,theft f/auto,21118567-01,2F,"8/22/2021, 5:47:19 AM",others,"38.9025239882416,-77.028853667144",38.9025239882416
cluster 8,property,010100,-77.0308039046424,"7/6/2021, 1:10:58 PM",theft f/auto,2,evening,137053,2,2021,property|theft f/auto,downtown,2D3,7,209,010100 1,precinct 129,397328,1300 - 1399 block of i street nw,"7/6/2021, 1:00:56 PM",21092272,theft f/auto,21092272-01,2C,"7/6/2021, 4:44:43 PM",others,"38.9013264599755,-77.0308039046424",38.9013264599755
cluster 8,property,010100,-77.0308039046424,"6/14/2021, 3:03:53 PM",theft/other,2,evening,137053,2,2021,property|theft/other,downtown,2D3,6,209,010100 1,precinct 129,397328,1300 - 1399 block of i street nw,"6/14/2021, 3:00:44 PM",21079564,theft/other,21079564-01,2C,"6/14/2021, 5:51:34 PM",others,"38.9013264599755,-77.0308039046424",38.9013264599755
cluster 8,property,010100,-77.0319575524472,"7/3/2021, 11:03:03 PM",motor vehicle theft,2,midnight,137253,2,2021,property|motor vehicle theft,downtown,2D3,8,209,010100 1,precinct 129,397228,1000 - 1099 block of 14th street nw,"7/3/2021, 10:14:54 PM",21090745,motor vehicle theft,21090745-01,2F,"7/3/2021, 11:47:27 PM",others,"38.9031278211765,-77.0319575524472",38.9031278211765
cluster 8,property,010100,-77.0275648818618,"12/16/2020, 8:45:30 AM",theft f/auto,2,day,137185,2,2021,property|theft f/auto,downtown,2D3,7,209,010100 1,precinct 129,397609,1100 - 1199 block of k street nw,"12/16/2020, 8:25:09 AM",21056605,theft f/auto,21056605-01,2F,"5/3/2021, 8:50:55 AM",others,"38.9025163720791,-77.0275648818618",38.9025163720791
cluster 8,property,010100,-77.0334217012589,"6/24/2021, 10:25:20 PM",motor vehicle theft,2,midnight,137254,2,2021,property|motor vehicle theft,downtown,2D3,8,207,010100 1,precinct 129,397101,1000 - 1099 block of vermont avenue nw,"6/24/2021, 9:25:52 PM",21085502,motor vehicle theft,21085502-01,2F,"6/24/2021, 11:32:07 PM",others,"38.903136419851,-77.0334217012589",38.903136419851
cluster 8,violent,010100,-77.0307934145346,"6/1/2021, 6:19:55 PM",sex abuse,2,evening,137320,2,2021,violent|sex abuse,downtown,2D3,2,209,010100 1,precinct 17,397329,1300 - 1399 block of l street nw,"12/19/2019, 12:01:37 AM",21072599,sex abuse,21072599-01,2F,"6/1/2021, 10:11:17 PM",others,"38.9037316934956,-77.0307934145346",38.9037316934956
cluster 8,property,010100,-77.0326153266469,"6/1/2021, 3:10:06 PM",theft/other,2,evening,137408,2,2021,property|theft/other,downtown,2D3,6,207,010100 1,precinct 17,397171,1100 - 1199 block of vermont avenue nw,"6/1/2021, 3:05:42 PM",21072423,theft/other,21072423-01,2F,"6/1/2021, 3:52:58 PM",others,"38.9045239340876,-77.0326153266469",38.9045239340876
cluster 8,property,010100,-77.0327934508275,"3/21/2021, 4:00:44 PM",theft f/auto,2,evening,137185.86,2,2021,property|theft f/auto,downtown,2D3,7,207,010100 1,precinct 129,397155.47,1400 - 1433 block of k street nw,"3/21/2021, 11:30:40 AM",21036027,theft f/auto,21036027-01,2F,"3/21/2021, 5:12:10 PM",others,"38.9025227686141,-77.0327934508275",38.9025227686141
cluster 8,property,010100,-77.0326153266469,,theft/other,2,day,137408,2,2021,property|theft/other,downtown,2D3,6,207,010100 2,precinct 17,397171,1100 - 1199 block of vermont avenue nw,"3/13/2021, 8:54:18 AM",21032143,theft/other,21032143-01,2F,"3/13/2021, 9:01:26 AM",others,"38.9045239340876,-77.0326153266469",38.9045239340876
cluster 7,property,005002,-77.0305636569222,"5/24/2021, 9:40:33 PM",theft f/auto,3,midnight,137532,2,2021,property|theft f/auto,,3D3,7,307,005002 2,precinct 17,397349,1300 - 1399 block of m street nw,"5/20/2021, 3:00:58 PM",21068372,theft f/auto,21068372-01,2F,"5/25/2021, 2:36:25 AM",others,"38.9056415243197,-77.0305636569222",38.9056415243197
cluster 8,property,010100,-77.0275648818618,"5/19/2021, 12:01:00 PM",theft/other,2,day,137185,2,2021,property|theft/other,downtown,2D3,6,209,010100 1,precinct 129,397609,1100 - 1199 block of k street nw,"5/19/2021, 11:50:31 AM",21065196,theft/other,21065196-01,2F,"5/19/2021, 12:36:00 PM",others,"38.9025163720791,-77.0275648818618",38.9025163720791
cluster 8,property,010100,-77.028853667144,"6/3/2021, 1:21:00 PM",theft f/auto,2,evening,137185.88,2,2021,property|theft f/auto,downtown,2D3,7,209,010100 1,precinct 129,397497.21,1200 - 1299 block of k street nw,"6/3/2021, 1:01:54 PM",21073568,theft f/auto,21073568-01,2F,"6/3/2021, 5:07:40 PM",others,"38.9025239882416,-77.028853667144",38.9025239882416
cluster 7,property,005002,-77.0305636569222,"10/17/2021, 10:00:00 AM",theft f/auto,3,evening,137532,2,2021,property|theft f/auto,,3D3,7,307,005002 2,precinct 17,397349,1300 - 1399 block of m street nw,"10/16/2021, 4:00:00 PM",21151181,theft f/auto,21151181-01,2F,"10/17/2021, 6:00:58 PM",others,"38.9056415243197,-77.0305636569222",38.9056415243197
cluster 8,property,005002,-77.0288569158364,"9/4/2021, 3:00:00 PM",theft/other,3,evening,137413,2,2021,property|theft/other,,3D3,6,307,005002 4,precinct 17,397497,1200 - 1299 block of massachusetts avenue nw,"9/4/2021, 1:46:00 PM",21126177,theft/other,21126177-01,2F,"9/4/2021, 5:40:39 PM",others,"38.9045699646119,-77.0288569158364",38.9045699646119
cluster 8,property,010100,-77.0288569158364,"10/17/2021, 11:59:00 PM",theft f/auto,2,day,137413,2,2021,property|theft f/auto,downtown,2D3,7,209,010100 1,precinct 17,397497,1200 - 1299 block of massachusetts avenue nw,"10/17/2021, 10:00:00 PM",21151500,theft f/auto,21151500-01,2F,"10/18/2021, 11:27:15 AM",others,"38.9045699646119,-77.0288569158364",38.9045699646119
cluster 8,property,010100,-77.0326153266469,"9/20/2021, 11:50:00 AM",theft/other,2,day,137408,2,2021,property|theft/other,downtown,2D3,6,207,010100 1,precinct 17,397171,1100 - 1199 block of vermont avenue nw,"9/20/2021, 11:47:00 AM",21135130,theft/other,21135130-01,2F,"9/20/2021, 12:15:04 PM",others,"38.9045239340876,-77.0326153266469",38.9045239340876
cluster 7,property,005002,-77.0305636569222,,theft/other,3,day,137532,2,2021,property|theft/other,,3D3,6,307,005002 2,precinct 17,397349,1300 - 1399 block of m street nw,"10/21/2021, 1:00:00 PM",21153384,theft/other,21153384-01,2F,"10/21/2021, 1:14:21 PM",others,"38.9056415243197,-77.0305636569222",38.9056415243197
cluster 7,property,005002,-77.0305636569222,"10/17/2021, 10:35:00 PM",theft/other,3,day,137532,2,2021,property|theft/other,,3D3,6,307,005002 2,precinct 17,397349,1300 - 1399 block of m street nw,"10/11/2021, 9:00:00 PM",21420577,theft/other,21420577-01,2F,"10/21/2021, 11:53:38 AM",others,"38.9056415243197,-77.0305636569222",38.9056415243197
cluster 8,property,010100,-77.0326153266469,"1/3/2021, 2:11:15 PM",theft/other,2,day,137408,2,2021,property|theft/other,downtown,2D3,6,207,010100 1,precinct 17,397171,1100 - 1199 block of vermont avenue nw,"1/3/2021, 1:22:31 PM",21001117,theft/other,21001117-01,2F,"1/3/2021, 2:11:15 PM",others,"38.9045239340876,-77.0326153266469",38.9045239340876
cluster 8,property,010100,-77.0296287555052,"1/9/2021, 7:45:56 PM",theft f/auto,2,evening,137253,2,2021,property|theft f/auto,downtown,2D3,7,209,010100 1,precinct 129,397430,1000 - 1099 block of 13th street nw,"1/9/2021, 7:00:48 AM",21004221,theft f/auto,21004221-01,2F,"1/9/2021, 8:53:42 PM",others,"38.9031284349878,-77.0296287555052",38.9031284349878
cluster 7,property,005002,-77.0305636569222,"7/5/2021, 11:30:50 PM",theft f/auto,3,midnight,137532,2,2021,property|theft f/auto,,3D3,7,307,005002 2,precinct 17,397349,1300 - 1399 block of m street nw,"7/5/2021, 6:00:27 PM",21091941,theft f/auto,21091941-01,2F,"7/6/2021, 1:05:10 AM",others,"38.9056415243197,-77.0305636569222",38.9056415243197
cluster 8,property,010100,-77.028853667144,"8/26/2021, 7:03:00 PM",theft/other,2,evening,137185.88,2,2021,property|theft/other,downtown,2D3,6,209,010100 1,precinct 129,397497.21,1200 - 1299 block of k street nw,"8/26/2021, 6:53:00 PM",21121592,theft/other,21121592-01,2F,"8/27/2021, 5:33:47 PM",others,"38.9025239882416,-77.028853667144",38.9025239882416
cluster 8,property,010100,-77.0319680233991,"7/1/2021, 11:15:24 PM",motor vehicle theft,2,midnight,136991,2,2021,property|motor vehicle theft,downtown,2D3,8,209,010100 1,precinct 129,397227,800 - 899 block of 14th street nw,"7/1/2021, 9:59:58 PM",21089619,motor vehicle theft,21089619-01,2C,"7/2/2021, 12:04:18 AM",others,"38.9007676290745,-77.0319680233991",38.9007676290745
cluster 8,property,010100,-77.0288569158364,"8/2/2021, 1:15:00 PM",theft/other,2,evening,137413,2,2021,property|theft/other,downtown,2D3,6,209,010100 1,precinct 17,397497,1200 - 1299 block of massachusetts avenue nw,"7/26/2021, 9:00:00 AM",21107779,theft/other,21107779-01,2F,"8/2/2021, 4:49:56 PM",others,"38.9045699646119,-77.0288569158364",38.9045699646119
cluster 8,property,010100,-77.0275648818618,"5/6/2021, 8:30:22 PM",theft f/auto,2,day,137185,2,2021,property|theft f/auto,downtown,2D3,7,209,010100 1,precinct 129,397609,1100 - 1199 block of k street nw,"5/6/2021, 6:30:08 PM",21058757,theft f/auto,21058757-01,2F,"5/7/2021, 7:37:50 AM",others,"38.9025163720791,-77.0275648818618",38.9025163720791
cluster 8,property,010100,-77.031958169948,"4/11/2021, 5:45:29 PM",motor vehicle theft,2,evening,137406,2,2021,property|motor vehicle theft,downtown,2D3,8,209,010100 1,precinct 17,397228,1100 - 1199 block of 14th street nw,"4/11/2021, 5:44:06 PM",21046164,motor vehicle theft,21046164-01,2F,"4/11/2021, 7:09:14 PM",others,"38.9045060989916,-77.031958169948",38.9045060989916
cluster 7,property,005002,-77.0305636569222,"5/25/2021, 2:15:04 PM",theft f/auto,3,evening,137532,2,2021,property|theft f/auto,,3D3,7,307,005002 2,precinct 17,397349,1300 - 1399 block of m street nw,"5/25/2021, 2:00:03 PM",21068747,theft f/auto,21068747-01,2F,"5/25/2021, 6:22:54 PM",others,"38.9056415243197,-77.0305636569222",38.9056415243197
cluster 8,property,005002,-77.0288569158364,"3/1/2021, 6:51:11 PM",theft/other,3,evening,137413,2,2021,property|theft/other,,3D3,6,307,005002 4,precinct 17,397497,1200 - 1299 block of massachusetts avenue nw,"3/1/2021, 6:06:58 PM",21026581,theft/other,21026581-01,2F,"3/1/2021, 6:50:59 PM",others,"38.9045699646119,-77.0288569158364",38.9045699646119
cluster 8,property,010100,-77.0326153266469,"2/4/2021, 8:10:27 AM",theft/other,2,day,137408,2,2021,property|theft/other,downtown,2D3,6,207,010100 1,precinct 17,397171,1100 - 1199 block of vermont avenue nw,"2/4/2021, 8:00:17 AM",21015423,theft/other,21015423-01,2F,"2/4/2021, 8:51:59 AM",others,"38.9045239340876,-77.0326153266469",38.9045239340876
cluster 8,property,010100,-77.0288569158364,"6/21/2021, 8:54:26 PM",theft/other,2,evening,137413,2,2021,property|theft/other,downtown,2D3,6,209,010100 1,precinct 17,397497,1200 - 1299 block of massachusetts avenue nw,"6/21/2021, 8:44:24 PM",21083683,theft/other,21083683-01,2F,"6/21/2021, 9:38:51 PM",others,"38.9045699646119,-77.0288569158364",38.9045699646119
cluster 8,property,010100,-77.0308039046424,"7/24/2021, 2:00:30 AM",theft f/auto,2,day,137053,2,2021,property|theft f/auto,downtown,2D3,7,209,010100 1,precinct 129,397328,1300 - 1399 block of i street nw,"7/23/2021, 11:00:20 PM",21102554,theft f/auto,21102554-01,2C,"7/24/2021, 11:20:38 AM",others,"38.9013264599755,-77.0308039046424",38.9013264599755
cluster 8,property,010100,-77.0326153266469,"2/12/2021, 8:00:56 AM",burglary,2,day,137408,2,2021,property|burglary,downtown,2D3,5,207,010100 2,precinct 17,397171,1100 - 1199 block of vermont avenue nw,"2/11/2021, 11:40:57 PM",21019012,burglary,21019012-01,2F,"2/12/2021, 9:25:48 AM",others,"38.9045239340876,-77.0326153266469",38.9045239340876
cluster 8,property,010100,-77.0288569158364,"5/17/2021, 8:25:24 AM",theft f/auto,2,day,137413,2,2021,property|theft f/auto,downtown,2D3,7,209,010100 1,precinct 17,397497,1200 - 1299 block of massachusetts avenue nw,"5/17/2021, 8:23:55 AM",21063931,theft f/auto,21063931-01,2F,"5/17/2021, 8:59:35 AM",others,"38.9045699646119,-77.0288569158364",38.9045699646119
cluster 8,property,010100,-77.0326153266469,"9/16/2021, 7:30:00 AM",theft/other,2,day,137408,2,2021,property|theft/other,downtown,2D3,6,207,010100 1,precinct 17,397171,1100 - 1199 block of vermont avenue nw,"9/16/2021, 7:17:00 AM",21132788,theft/other,21132788-01,2F,"9/16/2021, 7:53:27 AM",others,"38.9045239340876,-77.0326153266469",38.9045239340876
cluster 8,property,010100,-77.0327934508275,"9/26/2021, 3:40:00 AM",theft f/auto,2,midnight,137185.86,2,2021,property|theft f/auto,downtown,2D3,7,207,010100 1,precinct 129,397155.47,1400 - 1433 block of k street nw,"9/25/2021, 11:00:00 PM",21138506,theft f/auto,21138506-01,2F,"9/26/2021, 5:58:11 AM",others,"38.9025227686141,-77.0327934508275",38.9025227686141
cluster 7,property,005002,-77.0305636569222,"9/9/2021, 12:45:00 PM",theft/other,3,day,137532,2,2021,property|theft/other,,3D3,6,307,005002 2,precinct 17,397349,1300 - 1399 block of m street nw,"9/9/2021, 12:19:00 PM",21128836,theft/other,21128836-01,2F,"9/9/2021, 1:10:27 PM",others,"38.9056415243197,-77.0305636569222",38.9056415243197
cluster 8,property,010100,-77.0328098473671,"8/27/2021, 11:30:00 PM",theft f/auto,2,midnight,137053,2,2021,property|theft f/auto,downtown,2D3,7,207,010100 1,precinct 129,397154,1400 - 1499 block of i street nw,"8/27/2021, 9:23:00 PM",21121911,theft f/auto,21121911-01,2C,"8/28/2021, 2:36:22 AM",others,"38.9013259138408,-77.0328098473671",38.9013259138408
cluster 7,violent,005002,-77.0305636569222,"8/17/2021, 9:29:00 PM",assault w/dangerous weapon,3,evening,137532,2,2021,violent|assault w/dangerous weapon,,3D3,3,307,005002 2,precinct 17,397349,1300 - 1399 block of m street nw,"8/17/2021, 9:25:00 PM",21116254,assault w/dangerous weapon,21116254-01,2F,"8/17/2021, 10:11:56 PM",knife,"38.9056415243197,-77.0305636569222",38.9056415243197
cluster 8,property,010100,-77.0338370164538,"8/9/2021, 5:10:00 PM",motor vehicle theft,2,evening,137320,2,2021,property|motor vehicle theft,downtown,2D3,8,207,010100 2,precinct 17,397065,1420 - 1499 block of l street nw,"8/9/2021, 7:10:00 AM",21111818,motor vehicle theft,21111818-01,2F,"8/9/2021, 6:44:47 PM",others,"38.9037308516348,-77.0338370164538",38.9037308516348
cluster 7,property,005002,-77.0305636569222,"7/16/2021, 4:47:14 PM",theft f/auto,3,day,137532,2,2021,property|theft f/auto,,3D3,7,307,005002 2,precinct 17,397349,1300 - 1399 block of m street nw,"7/8/2021, 10:00:08 PM",21098140,theft f/auto,21098140-01,2F,"7/17/2021, 2:21:35 PM",others,"38.9056415243197,-77.0305636569222",38.9056415243197
cluster 8,property,010100,-77.028853667144,"6/16/2021, 8:20:11 AM",theft/other,2,evening,137185.88,2,2021,property|theft/other,downtown,2D3,6,209,010100 1,precinct 129,397497.21,1200 - 1299 block of k street nw,"6/16/2021, 8:16:04 AM",21080724,theft/other,21080724-01,2F,"6/16/2021, 4:33:00 PM",others,"38.9025239882416,-77.028853667144",38.9025239882416
cluster 8,violent,005002,-77.0296296311063,"8/1/2021, 5:59:00 PM",robbery,3,evening,137487,2,2021,violent|robbery,,3D3,4,307,005002 4,precinct 17,397430,1128 - 1199 block of 13th street nw,"8/1/2021, 5:50:00 PM",21107318,robbery,21107318-01,2F,"8/1/2021, 8:09:25 PM",others,"38.9052363891725,-77.0296296311063",38.9052363891725
cluster 8,property,010100,-77.0288569158364,"5/2/2021, 3:00:12 AM",theft f/auto,2,day,137413,2,2021,property|theft f/auto,downtown,2D3,7,209,010100 1,precinct 17,397497,1200 - 1299 block of massachusetts avenue nw,"5/2/2021, 1:00:58 AM",21056135,theft f/auto,21056135-01,2F,"5/2/2021, 10:16:29 AM",others,"38.9045699646119,-77.0288569158364",38.9045699646119
cluster 8,property,010100,-77.0270463271681,"3/7/2021, 5:40:02 PM",theft f/auto,2,day,137253,2,2021,property|theft f/auto,downtown,2D3,7,209,010100 1,precinct 129,397654,1000 - 1091 block of 11th street nw,"3/7/2021, 2:00:55 PM",21029642,theft f/auto,21029642-01,2C,"3/8/2021, 9:14:30 AM",others,"38.9031290613701,-77.0270463271681",38.9031290613701
cluster 8,property,010100,-77.031958169948,"5/21/2021, 8:00:24 PM",theft/other,2,evening,137406,2,2021,property|theft/other,downtown,2D3,6,209,010100 1,precinct 17,397228,1100 - 1199 block of 14th street nw,"5/21/2021, 4:59:59 PM",21066481,theft/other,21066481-01,2F,"5/21/2021, 8:10:14 PM",others,"38.9045060989916,-77.031958169948",38.9045060989916
cluster 8,property,010100,-77.028853667144,"5/31/2021, 3:15:24 AM",theft f/auto,2,midnight,137185.88,2,2021,property|theft f/auto,downtown,2D3,7,209,010100 1,precinct 129,397497.21,1200 - 1299 block of k street nw,"5/30/2021, 11:00:13 PM",21071806,theft f/auto,21071806-01,2F,"6/2/2021, 4:58:47 AM",others,"38.9025239882416,-77.028853667144",38.9025239882416
cluster 8,property,010100,-77.028853667144,"9/16/2021, 9:30:00 AM",theft f/auto,2,midnight,137185.88,2,2021,property|theft f/auto,downtown,2D3,7,209,010100 1,precinct 129,397497.21,1200 - 1299 block of k street nw,"9/16/2021, 7:30:00 AM",21133330,theft f/auto,21133330-01,2F,"9/17/2021, 7:00:20 AM",others,"38.9025239882416,-77.028853667144",38.9025239882416
cluster 8,property,010100,-77.031958169948,"2/1/2021, 12:00:00 PM",theft f/auto,2,evening,137406,2,2021,property|theft f/auto,downtown,2D3,7,209,010100 1,precinct 17,397228,1100 - 1199 block of 14th street nw,"2/1/2021, 10:00:00 AM",21400182,theft f/auto,21400182-01,2F,"2/1/2021, 5:04:26 PM",others,"38.9045060989916,-77.031958169948",38.9045060989916
cluster 8,property,010100,-77.0296282541159,"9/25/2021, 11:56:00 PM",theft/other,2,midnight,137119,2,2021,property|theft/other,downtown,2D3,6,209,010100 1,precinct 129,397430,900 - 999 block of 13th street nw,"9/25/2021, 11:16:00 PM",21138369,theft/other,21138369-01,2F,"9/26/2021, 12:27:54 AM",others,"38.9019213155643,-77.0296282541159",38.9019213155643
cluster 8,property,010100,-77.0296282541159,"10/2/2021, 12:00:00 PM",theft/other,2,day,137119,2,2021,property|theft/other,downtown,2D3,6,209,010100 1,precinct 129,397430,900 - 999 block of 13th street nw,"10/2/2021, 10:00:00 AM",21142742,theft/other,21142742-01,2F,"10/3/2021, 12:33:04 PM",others,"38.9019213155643,-77.0296282541159",38.9019213155643
cluster 7,property,005002,-77.0305636569222,,motor vehicle theft,3,evening,137532,2,2021,property|motor vehicle theft,,3D3,8,307,005002 2,precinct 17,397349,1300 - 1399 block of m street nw,"10/18/2021, 5:10:00 PM",21151732,motor vehicle theft,21151732-01,2F,"10/18/2021, 6:22:44 PM",others,"38.9056415243197,-77.0305636569222",38.9056415243197
cluster 8,property,010100,-77.0326153266469,"1/8/2021, 12:15:09 PM",theft/other,2,day,137408,2,2021,property|theft/other,downtown,2D3,6,207,010100 1,precinct 17,397171,1100 - 1199 block of vermont avenue nw,"1/8/2021, 11:45:07 AM",21003506,theft/other,21003506-01,2F,"1/9/2021, 2:18:24 PM",others,"38.9045239340876,-77.0326153266469",38.9045239340876
cluster 8,property,010100,-77.0326153266469,"2/8/2021, 6:10:28 PM",theft/other,2,evening,137408,2,2021,property|theft/other,downtown,2D3,6,207,010100 1,precinct 17,397171,1100 - 1199 block of vermont avenue nw,"2/8/2021, 5:50:08 PM",21017475,theft/other,21017475-01,2F,"2/8/2021, 10:07:45 PM",others,"38.9045239340876,-77.0326153266469",38.9045239340876
cluster 8,property,010100,-77.0327934508275,"2/7/2021, 4:05:22 PM",theft f/auto,2,evening,137185.86,2,2021,property|theft f/auto,downtown,2D3,7,207,010100 1,precinct 129,397155.47,1400 - 1433 block of k street nw,"2/7/2021, 3:10:44 PM",21016936,theft f/auto,21016936-01,2F,"2/7/2021, 4:29:18 PM",others,"38.9025227686141,-77.0327934508275",38.9025227686141
cluster 8,property,010100,-77.0326153266469,"2/15/2021, 3:08:15 PM",theft/other,2,evening,137408,2,2021,property|theft/other,downtown,2D3,6,207,010100 1,precinct 17,397171,1100 - 1199 block of vermont avenue nw,"2/15/2021, 3:06:40 PM",21020374,theft/other,21020374-01,2F,"2/15/2021, 6:44:30 PM",others,"38.9045239340876,-77.0326153266469",38.9045239340876
cluster 8,property,010100,-77.028853667144,"2/14/2021, 4:15:59 PM",theft f/auto,2,evening,137185.88,2,2021,property|theft f/auto,downtown,2D3,7,209,010100 1,precinct 129,397497.21,1200 - 1299 block of k street nw,"2/14/2021, 4:00:55 PM",21019967,theft f/auto,21019967-01,2F,"2/14/2021, 5:07:16 PM",others,"38.9025239882416,-77.028853667144",38.9025239882416
cluster 8,property,010100,-77.0338370164538,"8/5/2021, 6:37:00 PM",motor vehicle theft,2,evening,137320,2,2021,property|motor vehicle theft,downtown,2D3,8,207,010100 2,precinct 17,397065,1420 - 1499 block of l street nw,"8/5/2021, 8:45:00 AM",21109615,motor vehicle theft,21109615-01,2F,"8/5/2021, 7:13:49 PM",others,"38.9037308516348,-77.0338370164538",38.9037308516348
cluster 8,violent,010100,-77.0326153266469,"6/16/2021, 3:03:58 PM",robbery,2,evening,137408,2,2021,violent|robbery,downtown,2D3,4,207,010100 2,precinct 17,397171,1100 - 1199 block of vermont avenue nw,"6/16/2021, 1:49:24 PM",21080674,robbery,21080674-01,2F,"6/16/2021, 4:32:53 PM",others,"38.9045239340876,-77.0326153266469",38.9045239340876
cluster 8,property,010100,-77.0314764321443,"8/26/2021, 6:45:00 AM",theft/other,2,day,137391.03,2,2021,property|theft/other,downtown,2D3,6,209,010100 1,precinct 17,397269.78,1300 - 1399 block of green court nw,"8/26/2021, 6:40:00 AM",21120902,theft/other,21120902-01,2F,"8/26/2021, 11:31:28 AM",others,"38.9043713747469,-77.0314764321443",38.9043713747469
cluster 8,property,010100,-77.0326153266469,"7/12/2021, 7:17:45 PM",theft f/auto,2,day,137408,2,2021,property|theft f/auto,downtown,2D3,7,207,010100 2,precinct 17,397171,1100 - 1199 block of vermont avenue nw,"7/12/2021, 7:00:30 PM",21095598,theft f/auto,21095598-01,2F,"7/26/2021, 1:17:15 PM",others,"38.9045239340876,-77.0326153266469",38.9045239340876
cluster 8,property,010100,-77.0327934508275,"8/27/2021, 7:54:00 PM",theft/other,2,evening,137185.86,2,2021,property|theft/other,downtown,2D3,6,207,010100 1,precinct 129,397155.47,1400 - 1433 block of k street nw,"8/11/2021, 2:00:00 AM",21121768,theft/other,21121768-01,2F,"8/27/2021, 8:05:07 PM",others,"38.9025227686141,-77.0327934508275",38.9025227686141
cluster 8,property,010100,-77.0326153266469,"6/28/2021, 1:58:55 AM",theft/other,2,midnight,137408,2,2021,property|theft/other,downtown,2D3,6,207,010100 1,precinct 17,397171,1100 - 1199 block of vermont avenue nw,"6/28/2021, 1:45:05 AM",21087238,theft/other,21087238-01,2F,"6/28/2021, 2:02:57 AM",others,"38.9045239340876,-77.0326153266469",38.9045239340876
cluster 8,property,005002,-77.0278076391392,"7/26/2021, 5:35:06 PM",theft/other,3,midnight,137372,2,2021,property|theft/other,,3D3,6,307,005002 4,precinct 17,397588,1106 - 1199 block of massachusetts avenue nw,"7/26/2021, 4:49:33 PM",21103841,theft/other,21103841-01,2F,"7/27/2021, 12:41:17 AM",others,"38.9042008766443,-77.0278076391392",38.9042008766443
cluster 8,violent,010100,-77.0270463271681,"6/27/2021, 1:40:29 PM",robbery,2,day,137253,2,2021,violent|robbery,downtown,2D3,4,209,010100 1,precinct 129,397654,1000 - 1091 block of 11th street nw,"6/27/2021, 1:39:51 PM",21086953,robbery,21086953-01,2C,"6/27/2021, 2:46:07 PM",others,"38.9031290613701,-77.0270463271681",38.9031290613701
cluster 8,property,010100,-77.0275648818618,"6/10/2021, 2:15:30 PM",theft f/auto,2,evening,137185,2,2021,property|theft f/auto,downtown,2D3,7,209,010100 1,precinct 129,397609,1100 - 1199 block of k street nw,"6/10/2021, 2:00:59 PM",21077360,theft f/auto,21077360-01,2F,"6/10/2021, 7:43:51 PM",others,"38.9025163720791,-77.0275648818618",38.9025163720791
cluster 8,property,010100,-77.0326153266469,"6/17/2021, 8:28:33 AM",burglary,2,day,137408,2,2021,property|burglary,downtown,2D3,5,207,010100 2,precinct 17,397171,1100 - 1199 block of vermont avenue nw,"6/17/2021, 7:14:30 AM",21081046,burglary,21081046-01,2F,"6/17/2021, 11:47:37 AM",others,"38.9045239340876,-77.0326153266469",38.9045239340876
cluster 8,property,010100,-77.0307907014427,"7/24/2021, 4:00:29 AM",theft f/auto,2,day,137185.6,2,2021,property|theft f/auto,downtown,2D3,7,209,010100 1,precinct 129,397329.19,1300 - 1399 block of k street nw,"7/23/2021, 11:15:25 PM",21102562,theft f/auto,21102562-01,2F,"7/24/2021, 1:05:37 PM",others,"38.9025209714441,-77.0307907014427",38.9025209714441
cluster 8,property,010100,-77.0319575524472,"8/15/2021, 1:00:00 AM",theft f/auto,2,evening,137253,2,2021,property|theft f/auto,downtown,2D3,7,209,010100 1,precinct 129,397228,1000 - 1099 block of 14th street nw,"8/14/2021, 10:30:00 PM",21115541,theft f/auto,21115541-01,2F,"8/16/2021, 3:13:55 PM",others,"38.9031278211765,-77.0319575524472",38.9031278211765
cluster 8,property,010100,-77.0328098473671,"7/25/2021, 9:08:41 PM",motor vehicle theft,2,evening,137053,2,2021,property|motor vehicle theft,downtown,2D3,8,207,010100 1,precinct 129,397154,1400 - 1499 block of i street nw,"7/25/2021, 9:06:17 PM",21103417,motor vehicle theft,21103417-01,2C,"7/25/2021, 10:41:00 PM",others,"38.9013259138408,-77.0328098473671",38.9013259138408
cluster 8,property,010100,-77.028853667144,"8/17/2021, 9:30:00 PM",theft f/auto,2,day,137185.88,2,2021,property|theft f/auto,downtown,2D3,7,209,010100 1,precinct 129,397497.21,1200 - 1299 block of k street nw,"8/17/2021, 7:30:00 PM",21116452,theft f/auto,21116452-01,2F,"8/18/2021, 10:40:54 AM",others,"38.9025239882416,-77.028853667144",38.9025239882416
cluster 8,property,005002,-77.0278076391392,"6/25/2021, 2:14:31 AM",theft f/auto,3,evening,137372,2,2021,property|theft f/auto,,3D3,7,307,005002 4,precinct 17,397588,1106 - 1199 block of massachusetts avenue nw,"6/25/2021, 1:32:18 AM",21085603,theft f/auto,21085603-01,2F,"6/25/2021, 9:13:07 PM",others,"38.9042008766443,-77.0278076391392",38.9042008766443
cluster 8,property,010100,-77.0326153266469,"6/23/2021, 9:00:46 AM",theft f/auto,2,day,137408,2,2021,property|theft f/auto,downtown,2D3,7,207,010100 1,precinct 17,397171,1100 - 1199 block of vermont avenue nw,"6/22/2021, 8:00:41 PM",21084604,theft f/auto,21084604-01,2F,"6/23/2021, 2:16:31 PM",others,"38.9045239340876,-77.0326153266469",38.9045239340876
cluster 8,property,010100,-77.031958169948,"7/11/2021, 3:51:55 PM",theft/other,2,evening,137406,2,2021,property|theft/other,downtown,2D3,6,209,010100 1,precinct 17,397228,1100 - 1199 block of 14th street nw,"7/11/2021, 3:30:02 PM",21095247,theft/other,21095247-01,2F,"7/11/2021, 5:13:47 PM",others,"38.9045060989916,-77.031958169948",38.9045060989916
cluster 7,property,005002,-77.0305636569222,"7/8/2021, 9:00:52 AM",theft f/auto,3,evening,137532,2,2021,property|theft f/auto,,3D3,7,307,005002 2,precinct 17,397349,1300 - 1399 block of m street nw,"7/7/2021, 7:00:46 PM",21094068,theft f/auto,21094068-01,2F,"7/9/2021, 3:43:13 PM",others,"38.9056415243197,-77.0305636569222",38.9056415243197
cluster 7,property,005002,-77.0305636569222,,theft f/auto,3,day,137532,2,2021,property|theft f/auto,,3D3,7,307,005002 2,precinct 17,397349,1300 - 1399 block of m street nw,"5/22/2021, 8:55:44 AM",21066831,theft f/auto,21066831-01,2F,"5/22/2021, 9:30:41 AM",others,"38.9056415243197,-77.0305636569222",38.9056415243197
cluster 8,property,010100,-77.0328098473671,"3/9/2021, 12:33:07 PM",motor vehicle theft,2,day,137053,2,2021,property|motor vehicle theft,downtown,2D3,8,207,010100 1,precinct 129,397154,1400 - 1499 block of i street nw,"3/9/2021, 12:29:04 PM",21030229,motor vehicle theft,21030229-01,2C,"3/9/2021, 1:57:26 PM",others,"38.9013259138408,-77.0328098473671",38.9013259138408
cluster 8,property,010100,-77.028853667144,"7/27/2021, 4:00:59 AM",theft f/auto,2,day,137185.88,2,2021,property|theft f/auto,downtown,2D3,7,209,010100 1,precinct 129,397497.21,1200 - 1299 block of k street nw,"7/27/2021, 1:30:52 AM",21104232,theft f/auto,21104232-01,2F,"7/28/2021, 12:06:09 PM",others,"38.9025239882416,-77.028853667144",38.9025239882416
cluster 8,property,010100,-77.028853667144,"5/25/2021, 1:00:32 PM",theft f/auto,2,day,137185.88,2,2021,property|theft f/auto,downtown,2D3,7,209,010100 1,precinct 129,397497.21,1200 - 1299 block of k street nw,"5/25/2021, 11:00:22 AM",21069044,theft f/auto,21069044-01,2F,"5/26/2021, 10:36:39 AM",others,"38.9025239882416,-77.028853667144",38.9025239882416
cluster 8,property,010100,-77.0326153266469,"5/30/2021, 9:45:21 AM",theft/other,2,day,137408,2,2021,property|theft/other,downtown,2D3,6,207,010100 1,precinct 17,397171,1100 - 1199 block of vermont avenue nw,"5/30/2021, 9:42:15 AM",21071211,theft/other,21071211-01,2F,"5/30/2021, 10:22:23 AM",others,"38.9045239340876,-77.0326153266469",38.9045239340876
cluster 8,property,010100,-77.0275648818618,"4/12/2021, 1:57:05 PM",theft/other,2,evening,137185,2,2021,property|theft/other,downtown,2D3,6,209,010100 1,precinct 129,397609,1100 - 1199 block of k street nw,"4/12/2021, 1:52:48 PM",21046540,theft/other,21046540-01,2F,"4/12/2021, 3:33:06 PM",others,"38.9025163720791,-77.0275648818618",38.9025163720791
cluster 8,property,010100,-77.0319575524472,"5/7/2021, 5:00:56 PM",theft f/auto,2,evening,137253,2,2021,property|theft f/auto,downtown,2D3,7,209,010100 1,precinct 129,397228,1000 - 1099 block of 14th street nw,"5/7/2021, 6:00:51 AM",21059020,theft f/auto,21059020-01,2F,"5/7/2021, 7:24:17 PM",others,"38.9031278211765,-77.0319575524472",38.9031278211765
cluster 8,property,010100,-77.0326153266469,"3/28/2021, 3:38:01 PM",theft f/auto,2,evening,137408,2,2021,property|theft f/auto,downtown,2D3,7,207,010100 1,precinct 17,397171,1100 - 1199 block of vermont avenue nw,"3/28/2021, 3:36:37 PM",21039309,theft f/auto,21039309-01,2F,"3/28/2021, 5:21:49 PM",others,"38.9045239340876,-77.0326153266469",38.9045239340876
cluster 8,property,010100,-77.0326153266469,"5/31/2021, 12:24:39 AM",theft f/auto,2,midnight,137408,2,2021,property|theft f/auto,downtown,2D3,7,207,010100 1,precinct 17,397171,1100 - 1199 block of vermont avenue nw,"5/30/2021, 11:08:33 PM",21071613,theft f/auto,21071613-01,2F,"5/31/2021, 4:43:15 AM",others,"38.9045239340876,-77.0326153266469",38.9045239340876
cluster 7,property,005002,-77.0305636569222,"4/7/2021, 2:15:04 PM",theft/other,3,day,137532,2,2021,property|theft/other,,3D3,6,307,005002 2,precinct 17,397349,1300 - 1399 block of m street nw,"4/7/2021, 2:09:02 PM",21044156,theft/other,21044156-01,2F,"4/7/2021, 2:52:25 PM",others,"38.9056415243197,-77.0305636569222",38.9056415243197
cluster 8,property,010100,-77.0334217012589,,motor vehicle theft,2,evening,137254,2,2021,property|motor vehicle theft,downtown,2D3,8,207,010100 1,precinct 129,397101,1000 - 1099 block of vermont avenue nw,"7/7/2021, 9:25:00 PM",21093123,motor vehicle theft,21093123-01,2F,"7/7/2021, 10:59:17 PM",others,"38.903136419851,-77.0334217012589",38.903136419851
cluster 8,property,010100,-77.0314764321443,"8/25/2021, 9:34:00 AM",theft/other,2,evening,137391.03,2,2021,property|theft/other,downtown,2D3,6,209,010100 1,precinct 17,397269.78,1300 - 1399 block of green court nw,"8/25/2021, 9:00:00 AM",21120304,theft/other,21120304-01,2F,"8/25/2021, 10:50:15 PM",others,"38.9043713747469,-77.0314764321443",38.9043713747469
cluster 8,property,010100,-77.0328098473671,"4/22/2021, 12:02:30 PM",theft f/auto,2,day,137053,2,2021,property|theft f/auto,downtown,2D3,7,207,010100 1,precinct 129,397154,1400 - 1499 block of i street nw,"4/22/2021, 11:55:40 AM",21051153,theft f/auto,21051153-01,2F,"4/22/2021, 2:53:00 PM",others,"38.9013259138408,-77.0328098473671",38.9013259138408
cluster 8,violent,010100,-77.0288565769137,"6/3/2021, 12:00:36 PM",assault w/dangerous weapon,2,day,137320,2,2021,violent|assault w/dangerous weapon,downtown,2D3,3,209,010100 1,precinct 17,397497,1200 - 1299 block of l street nw,"6/3/2021, 11:50:07 AM",21073467,assault w/dangerous weapon,21073467-01,2F,"6/3/2021, 1:25:24 PM",knife,"38.9037321879417,-77.0288565769137",38.9037321879417
cluster 8,property,010100,-77.028853667144,"9/12/2021, 2:37:00 AM",theft/other,2,midnight,137185.88,2,2021,property|theft/other,downtown,2D3,6,209,010100 1,precinct 129,397497.21,1200 - 1299 block of k street nw,"9/12/2021, 2:01:00 AM",21130449,theft/other,21130449-01,2F,"9/12/2021, 4:35:48 AM",others,"38.9025239882416,-77.028853667144",38.9025239882416
cluster 8,property,010100,-77.0325227338157,"10/10/2021, 12:30:00 AM",theft f/auto,2,midnight,137320,2,2021,property|theft f/auto,downtown,2D3,7,207,010100 1,precinct 129,397179,1400 - 1419 block of l street nw,"10/9/2021, 11:30:00 PM",21146906,theft f/auto,21146906-01,2F,"10/10/2021, 6:43:45 AM",others,"38.9037312248926,-77.0325227338157",38.9037312248926
cluster 8,property,010100,-77.0334217012589,"9/6/2021, 2:00:00 AM",theft/other,2,day,137254,2,2021,property|theft/other,downtown,2D3,6,207,010100 2,precinct 129,397101,1000 - 1099 block of vermont avenue nw,"9/5/2021, 10:00:00 PM",21127628,theft/other,21127628-01,2F,"9/7/2021, 12:00:56 PM",others,"38.903136419851,-77.0334217012589",38.903136419851
cluster 8,property,010100,-77.0330876447759,"10/7/2021, 11:49:00 AM",theft f/auto,2,evening,137320,2,2021,property|theft f/auto,downtown,2D3,7,207,010100 2,precinct 17,397130,vermont avenue nw and l street nw,"10/7/2021, 11:48:00 AM",21145438,theft f/auto,21145438-01,2F,"10/7/2021, 4:34:19 PM",others,"38.903731066269,-77.0330876447759",38.903731066269
cluster 8,property,010100,-77.0288569158364,"9/16/2021, 3:00:00 PM",theft f/auto,2,evening,137413,2,2021,property|theft f/auto,downtown,2D3,7,209,010100 1,precinct 17,397497,1200 - 1299 block of massachusetts avenue nw,"9/15/2021, 5:00:00 PM",21133194,theft f/auto,21133194-01,2F,"9/16/2021, 8:21:31 PM",others,"38.9045699646119,-77.0288569158364",38.9045699646119
cluster 8,property,010100,-77.0327934508275,"10/20/2021, 10:26:00 PM",theft f/auto,2,evening,137185.86,2,2021,property|theft f/auto,downtown,2D3,7,207,010100 1,precinct 129,397155.47,1400 - 1433 block of k street nw,"10/18/2021, 12:00:00 PM",21153142,theft f/auto,21153142-01,2F,"10/20/2021, 10:44:59 PM",others,"38.9025227686141,-77.0327934508275",38.9025227686141
cluster 8,property,010100,-77.028853667144,"9/25/2021, 12:01:00 AM",theft f/auto,2,day,137185.88,2,2021,property|theft f/auto,downtown,2D3,7,209,010100 1,precinct 129,397497.21,1200 - 1299 block of k street nw,"9/24/2021, 11:40:00 PM",21138019,theft f/auto,21138019-01,2F,"9/25/2021, 10:54:12 AM",others,"38.9025239882416,-77.028853667144",38.9025239882416
cluster 8,property,010100,-77.0296285010667,"9/26/2021, 3:41:00 AM",theft f/auto,2,midnight,137185,2,2021,property|theft f/auto,downtown,2D3,7,209,010100 1,precinct 129,397430,k street nw and 13th street nw,"9/26/2021, 2:45:00 AM",21138455,theft f/auto,21138455-01,2F,"9/26/2021, 4:28:00 AM",others,"38.9025158669549,-77.0296285010667",38.9025158669549
cluster 8,property,010100,-77.028853667144,"8/27/2021, 1:03:00 PM",theft/other,2,evening,137185.88,2,2021,property|theft/other,downtown,2D3,6,209,010100 1,precinct 129,397497.21,1200 - 1299 block of k street nw,"8/27/2021, 1:03:00 PM",21121585,theft/other,21121585-01,2F,"8/27/2021, 4:05:31 PM",others,"38.9025239882416,-77.028853667144",38.9025239882416
cluster 7,property,005002,-77.0305636569222,"3/10/2021, 3:10:09 PM",theft/other,3,evening,137532,2,2021,property|theft/other,,3D3,6,307,005002 2,precinct 17,397349,1300 - 1399 block of m street nw,"3/10/2021, 3:00:08 PM",21030814,theft/other,21030814-01,2F,"3/10/2021, 8:03:58 PM",others,"38.9056415243197,-77.0305636569222",38.9056415243197
cluster 7,property,005002,-77.0305636569222,"4/11/2021, 8:30:32 AM",theft f/auto,3,day,137532,2,2021,property|theft f/auto,,3D3,7,307,005002 2,precinct 17,397349,1300 - 1399 block of m street nw,"4/10/2021, 10:30:23 PM",21045948,theft f/auto,21045948-01,2F,"4/11/2021, 8:55:13 AM",others,"38.9056415243197,-77.0305636569222",38.9056415243197
cluster 8,property,010100,-77.02962923446,"5/11/2021, 10:00:03 PM",theft f/auto,2,midnight,137381,2,2021,property|theft f/auto,downtown,2D3,7,209,010100 1,precinct 17,397430,1100 - 1127 block of 13th street nw,"5/11/2021, 7:50:34 PM",21061205,theft f/auto,21061205-01,2F,"5/12/2021, 1:41:25 AM",others,"38.9042815040428,-77.02962923446",38.9042815040428
cluster 8,property,010100,-77.0326153266469,,theft/other,2,day,137408,2,2021,property|theft/other,downtown,2D3,6,207,010100 1,precinct 17,397171,1100 - 1199 block of vermont avenue nw,"1/23/2021, 9:25:26 AM",21010241,theft/other,21010241-01,2F,"1/23/2021, 9:55:19 AM",others,"38.9045239340876,-77.0326153266469",38.9045239340876
cluster 8,violent,010100,-77.0328098473671,,robbery,2,midnight,137053,2,2021,violent|robbery,downtown,2D3,4,207,010100 1,precinct 129,397154,1400 - 1499 block of i street nw,"7/4/2021, 3:58:44 AM",21090867,robbery,21090867-01,2C,"7/4/2021, 4:42:24 AM",others,"38.9013259138408,-77.0328098473671",38.9013259138408
cluster 8,property,010100,-77.02962923446,"7/31/2021, 6:15:23 AM",burglary,2,day,137381,2,2021,property|burglary,downtown,2D3,5,209,010100 1,precinct 17,397430,1100 - 1127 block of 13th street nw,"7/30/2021, 5:30:34 PM",21106552,burglary,21106552-01,2F,"7/31/2021, 9:03:36 AM",others,"38.9042815040428,-77.02962923446",38.9042815040428
cluster 8,property,010100,-77.0326153266469,"10/3/2021, 10:00:00 PM",theft f/auto,2,evening,137408,2,2021,property|theft f/auto,downtown,2D3,7,207,010100 1,precinct 17,397171,1100 - 1199 block of vermont avenue nw,"10/3/2021, 9:46:00 PM",21143077,theft f/auto,21143077-01,2F,"10/3/2021, 10:03:53 PM",others,"38.9045239340876,-77.0326153266469",38.9045239340876
cluster 8,property,010100,-77.031958169948,"4/13/2021, 1:20:00 PM",theft/other,2,evening,137406,2,2021,property|theft/other,downtown,2D3,6,209,010100 1,precinct 17,397228,1100 - 1199 block of 14th street nw,"4/13/2021, 8:45:00 AM",21400499,theft/other,21400499-01,2F,"4/13/2021, 4:56:06 PM",others,"38.9045060989916,-77.031958169948",38.9045060989916
cluster 8,property,010100,-77.0325227338157,"9/22/2021, 2:30:00 PM",theft f/auto,2,evening,137320,2,2021,property|theft f/auto,downtown,2D3,7,207,010100 1,precinct 129,397179,1400 - 1419 block of l street nw,"9/22/2021, 12:00:00 PM",21136556,theft f/auto,21136556-01,2F,"9/22/2021, 8:09:16 PM",others,"38.9037312248926,-77.0325227338157",38.9037312248926
cluster 8,property,010100,-77.0308039046424,"10/14/2021, 1:50:00 PM",burglary,2,evening,137053,2,2021,property|burglary,downtown,2D3,5,209,010100 1,precinct 129,397328,1300 - 1399 block of i street nw,"10/14/2021, 1:38:00 PM",21149390,burglary,21149390-01,2C,"10/14/2021, 3:27:07 PM",others,"38.9013264599755,-77.0308039046424",38.9013264599755
cluster 8,property,010100,-77.0288556039216,"9/25/2021, 1:20:00 PM",theft f/auto,2,day,137053,2,2021,property|theft f/auto,downtown,2D3,7,209,010100 1,precinct 129,397497,1200 - 1299 block of i street nw,"9/25/2021, 1:10:00 PM",21138093,theft f/auto,21138093-01,2F,"9/25/2021, 1:23:41 PM",others,"38.9013269574443,-77.0288556039216",38.9013269574443
cluster 8,property,010100,-77.0270463271681,"8/21/2021, 3:05:00 AM",theft f/auto,2,day,137253,2,2021,property|theft f/auto,downtown,2D3,7,209,010100 1,precinct 129,397654,1000 - 1091 block of 11th street nw,"8/21/2021, 3:00:00 AM",21118156,theft f/auto,21118156-01,2C,"8/21/2021, 12:48:10 PM",others,"38.9031290613701,-77.0270463271681",38.9031290613701
cluster 8,property,010100,-77.0326153266469,"5/25/2021, 11:01:54 PM",motor vehicle theft,2,midnight,137408,2,2021,property|motor vehicle theft,downtown,2D3,8,207,010100 2,precinct 17,397171,1100 - 1199 block of vermont avenue nw,"5/25/2021, 9:44:29 PM",21068870,motor vehicle theft,21068870-01,2F,"5/25/2021, 11:47:33 PM",others,"38.9045239340876,-77.0326153266469",38.9045239340876
cluster 8,property,010100,-77.0308039046424,"8/28/2021, 6:50:00 PM",theft f/auto,2,evening,137053,2,2021,property|theft f/auto,downtown,2D3,7,209,010100 1,precinct 129,397328,1300 - 1399 block of i street nw,"8/28/2021, 6:40:00 PM",21122300,theft f/auto,21122300-01,2C,"8/28/2021, 6:52:09 PM",others,"38.9013264599755,-77.0308039046424",38.9013264599755
cluster 8,property,010100,-77.0275648818618,"5/14/2021, 2:06:52 AM",motor vehicle theft,2,midnight,137185,2,2021,property|motor vehicle theft,downtown,2D3,8,209,010100 1,precinct 129,397609,1100 - 1199 block of k street nw,"5/13/2021, 9:59:14 PM",21062293,motor vehicle theft,21062293-01,2F,"5/13/2021, 11:39:25 PM",others,"38.9025163720791,-77.0275648818618",38.9025163720791
cluster 8,property,010100,-77.031958169948,"6/24/2021, 10:22:51 PM",motor vehicle theft,2,midnight,137406,2,2021,property|motor vehicle theft,downtown,2D3,8,209,010100 1,precinct 17,397228,1100 - 1199 block of 14th street nw,"6/24/2021, 9:42:49 PM",21085504,motor vehicle theft,21085504-01,2F,"6/24/2021, 11:07:47 PM",others,"38.9045060989916,-77.031958169948",38.9045060989916
cluster 8,property,010100,-77.028853667144,"4/6/2021, 5:30:40 PM",theft/other,2,day,137185.88,2,2021,property|theft/other,downtown,2D3,6,209,010100 1,precinct 129,397497.21,1200 - 1299 block of k street nw,"4/6/2021, 5:20:35 PM",21045029,theft/other,21045029-01,2F,"4/9/2021, 9:02:21 AM",others,"38.9025239882416,-77.028853667144",38.9025239882416
cluster 8,property,010100,-77.0319575524472,"10/16/2021, 8:01:00 PM",theft/other,2,evening,137253,2,2021,property|theft/other,downtown,2D3,6,209,010100 1,precinct 129,397228,1000 - 1099 block of 14th street nw,"10/16/2021, 8:00:00 PM",21151115,theft/other,21151115-01,2F,"10/17/2021, 4:51:05 PM",others,"38.9031278211765,-77.0319575524472",38.9031278211765
cluster 8,property,010100,-77.03195727801,"9/26/2021, 11:00:00 AM",theft f/auto,2,day,137185,2,2021,property|theft f/auto,downtown,2D3,7,207,010100 1,precinct 129,397228,14th street nw and k street nw,"9/25/2021, 6:00:00 PM",21138601,theft f/auto,21138601-01,2F,"9/26/2021, 12:32:46 PM",others,"38.9025152531488,-77.03195727801",38.9025152531488
cluster 8,property,010100,-77.0280836688155,"9/12/2021, 1:30:00 AM",theft/other,2,day,137185,2,2021,property|theft/other,downtown,2D3,6,209,010100 1,precinct 129,397564,12th street nw and k street nw,"9/11/2021, 11:00:00 PM",21130549,theft/other,21130549-01,2F,"9/12/2021, 9:12:39 AM",others,"38.9025162485226,-77.0280836688155",38.9025162485226